{"cameraMode":{"drawMode":0,"name":"Shaded","section":"Shading Mode"},"sceneLighting":true,"audioPlay":false,"sceneViewState":{"m_AlwaysRefresh":false,"showFog":true,"showSkybox":true,"showFlares":true,"showImageEffects":true,"showParticleSystems":true,"showVisualEffectGraphs":true,"m_FxEnabled":true},"in2DMode":false,"pivot":{"x":23.223642349243165,"y":-47.96916580200195,"z":-235.63294982910157},"rotation":{"x":0.013930339366197586,"y":0.9820578694343567,"z":-0.16994360089302064,"w":0.08340250700712204},"size":105.96992492675781,"orthographic":false}