{"cameraMode":{"drawMode":0,"name":"Shaded","section":"Shading Mode"},"sceneLighting":false,"audioPlay":false,"sceneViewState":{"m_AlwaysRefresh":false,"showFog":true,"showSkybox":false,"showFlares":true,"showImageEffects":true,"showParticleSystems":true,"showVisualEffectGraphs":true,"m_FxEnabled":true},"in2DMode":false,"pivot":{"x":-48.320438385009769,"y":45.532135009765628,"z":-125.18452453613281},"rotation":{"x":-0.009166020900011063,"y":0.9882078766822815,"z":-0.1390737146139145,"w":-0.06558957695960999},"size":2.598076105117798,"orthographic":false}